variavel_id;variavel_descricao;id;nome;qtde;padronizacao;distribuicao_normal
0100;PEDIDOS DE ACESSO À INFORMAÇÃO;1070;GABINETE MILITAR DO GOVERNADOR DO ESTADO DE MINAS GERAIS;30.00;-0.199;0.42130
0100;PEDIDOS DE ACESSO À INFORMAÇÃO;1080;ADVOCACIA-GERAL DO ESTADO;51.00;-0.170;0.43242
0100;PEDIDOS DE ACESSO À INFORMAÇÃO;1100;OUVIDORIA-GERAL DO ESTADO DE MINAS GERAIS;9.00;-0.227;0.41023
0100;PEDIDOS DE ACESSO À INFORMAÇÃO;1190;SECRETARIA DE ESTADO DE FAZENDA;190.00;0.018;0.50700
0100;PEDIDOS DE ACESSO À INFORMAÇÃO;1220;SECRETARIA DE ESTADO DE DESENVOLVIMENTO ECONÔMICO;73.00;-0.140;0.44413
0100;PEDIDOS DE ACESSO À INFORMAÇÃO;1230;SECRETARIA DE ESTADO DE AGRICULTURA,  PECUARIA E ABASTECIMENTO;18.00;-0.215;0.41497
0100;PEDIDOS DE ACESSO À INFORMAÇÃO;1250;POLICIA MILITAR DO ESTADO DE MINAS GERAIS;270.00;0.126;0.54997
0100;PEDIDOS DE ACESSO À INFORMAÇÃO;1260;SECRETARIA DE ESTADO DE EDUCACAO;5475.00;7.287;1.00000
0100;PEDIDOS DE ACESSO À INFORMAÇÃO;1270;SECRETARIA DE ESTADO DE CULTURA E ESPORTES;68.00;-0.147;0.44147
0100;PEDIDOS DE ACESSO À INFORMAÇÃO;1300;SECRETARIA DE ESTADO DE INFRAESTRUTURA E MOBILIDADE;79.00;-0.132;0.44734
0100;PEDIDOS DE ACESSO À INFORMAÇÃO;1320;SECRETARIA DE ESTADO DE SAUDE;919.00;1.002;0.84188
0100;PEDIDOS DE ACESSO À INFORMAÇÃO;1370;SECRETARIA DE ESTADO DE MEIO AMBIENTE E DESENVOLVIMENTO SUSTENTAVEL;108.00;-0.093;0.46286
0100;PEDIDOS DE ACESSO À INFORMAÇÃO;1400;CORPO DE BOMBEIROS MILITAR DO ESTADO DE MINAS GERAIS;54.00;-0.166;0.43401
0100;PEDIDOS DE ACESSO À INFORMAÇÃO;1450;SECRETARIA DE ESTADO DE JUSTIÇA E SEGURANÇA PÚBLICA;839.00;0.894;0.81438
0100;PEDIDOS DE ACESSO À INFORMAÇÃO;1480;SECRETARIA DE ESTADO DE DESENVOLVIMENTO SOCIAL;100.00;-0.104;0.45857
0100;PEDIDOS DE ACESSO À INFORMAÇÃO;1490;SECRETARIA DE ESTADO DE GOVERNO;92.00;-0.115;0.45429
0100;PEDIDOS DE ACESSO À INFORMAÇÃO;1500;SECRETARIA DE ESTADO DE PLANEJAMENTO E GESTAO;297.00;0.162;0.56437
0100;PEDIDOS DE ACESSO À INFORMAÇÃO;1510;POLICIA CIVIL DO ESTADO DE MINAS GERAIS;203.00;0.035;0.51400
0100;PEDIDOS DE ACESSO À INFORMAÇÃO;1520;CONTROLADORIA-GERAL DO ESTADO;112.00;-0.088;0.46501
0100;PEDIDOS DE ACESSO À INFORMAÇÃO;1540;ESCOLA DE SAUDE PUBLICA DO ESTADO DE MINAS GERAIS;6.00;-0.231;0.40866
0100;PEDIDOS DE ACESSO À INFORMAÇÃO;1630;SECRETARIA-GERAL;11.00;-0.224;0.41128
0100;PEDIDOS DE ACESSO À INFORMAÇÃO;1910;ENCARGOS GERAIS DO ESTADO- SECRETARIA DE ESTADO DA FAZENDA;0.00;-0.239;0.40551
0100;PEDIDOS DE ACESSO À INFORMAÇÃO;1940;EGE-SECRETARIA DE ESTADO DE PLANEJAMENTO E GESTAO;0.00;-0.239;0.40551
0100;PEDIDOS DE ACESSO À INFORMAÇÃO;2010;INSTITUTO DE PREVIDENCIA DOS SERVIDORES DO ESTADO DE MINAS GERAIS;83.00;-0.127;0.44947
0100;PEDIDOS DE ACESSO À INFORMAÇÃO;2040;LOTERIA DO ESTADO DE MINAS GERAIS;4.00;-0.234;0.40761
0100;PEDIDOS DE ACESSO À INFORMAÇÃO;2060;FUNDACAO JOAO PINHEIRO;13.00;-0.222;0.41233
0100;PEDIDOS DE ACESSO À INFORMAÇÃO;2070;FUNDACAO DE AMPARO A PESQUISA DO ESTADO DE MINAS GERAIS;14.00;-0.220;0.41286
0100;PEDIDOS DE ACESSO À INFORMAÇÃO;2090;FUNDACAO ESTADUAL DO MEIO AMBIENTE;26.00;-0.204;0.41918
0100;PEDIDOS DE ACESSO À INFORMAÇÃO;2100;INSTITUTO ESTADUAL DE FLORESTAS;34.00;-0.193;0.42341
0100;PEDIDOS DE ACESSO À INFORMAÇÃO;2120;INSTITUTO DE PREVIDENCIA DOS SERVIDORES MILITARES DO ESTADO DE MINAS GERAIS;17.00;-0.216;0.41444
0100;PEDIDOS DE ACESSO À INFORMAÇÃO;2150;FUNDACAO HELENA ANTIPOFF;5.00;-0.232;0.40813
0100;PEDIDOS DE ACESSO À INFORMAÇÃO;2160;FUNDACAO EDUCACIONAL CAIO MARTINS;4.00;-0.234;0.40761
0100;PEDIDOS DE ACESSO À INFORMAÇÃO;2170;FUNDACAO DE ARTE DE OURO PRETO;4.00;-0.234;0.40761
0100;PEDIDOS DE ACESSO À INFORMAÇÃO;2180;FUNDACAO CLOVIS SALGADO;13.00;-0.222;0.41233
0100;PEDIDOS DE ACESSO À INFORMAÇÃO;2200;INSTITUTO ESTADUAL DO PATRIMONIO HISTORICO E ARTISTICO DE MINAS GERAIS;13.00;-0.222;0.41233
0100;PEDIDOS DE ACESSO À INFORMAÇÃO;2210;FUNDACAO TV MINAS CULTURAL E EDUCATIVA;0.00;-0.239;0.40551
0100;PEDIDOS DE ACESSO À INFORMAÇÃO;2240;INSTITUTO MINEIRO DE GESTAO DAS AGUAS;24.00;-0.207;0.41813
0100;PEDIDOS DE ACESSO À INFORMAÇÃO;2250;JUNTA COMERCIAL DO ESTADO DE MINAS GERAIS;36.00;-0.190;0.42447
0100;PEDIDOS DE ACESSO À INFORMAÇÃO;2260;FUNDACAO EZEQUIEL DIAS;36.00;-0.190;0.42447
0100;PEDIDOS DE ACESSO À INFORMAÇÃO;2270;FUNDACAO HOSPITALAR DO ESTADO DE MINAS GERAIS;33.00;-0.195;0.42288
0100;PEDIDOS DE ACESSO À INFORMAÇÃO;2280;FUNDACAO DE EDUCACAO PARA O TRABALHO DE MINAS GERAIS;11.00;-0.224;0.41128
0100;PEDIDOS DE ACESSO À INFORMAÇÃO;2300;DEPARTAMENTO DE EDIFICACOES E ESTRADAS DE RODAGEM DO ESTADO;78.00;-0.134;0.44680
0100;PEDIDOS DE ACESSO À INFORMAÇÃO;2310;UNIVERSIDADE ESTADUAL DE MONTES CLAROS;23.00;-0.208;0.41760
0100;PEDIDOS DE ACESSO À INFORMAÇÃO;2320;FUNDACAO CENTRO DE HEMATOLOGIA E HEMOTERAPIA DE MINAS GERAIS;22.00;-0.209;0.41707
0100;PEDIDOS DE ACESSO À INFORMAÇÃO;2330;INSTITUTO DE METROLOGIA E QUALIDADE DO ESTADO DE MINAS GERAIS;6.00;-0.231;0.40866
0100;PEDIDOS DE ACESSO À INFORMAÇÃO;2350;UNIVERSIDADE DO ESTADO DE MINAS GERAIS;136.00;-0.055;0.47791
0100;PEDIDOS DE ACESSO À INFORMAÇÃO;2370;INSTITUTO MINEIRO DE AGROPECUARIA;19.00;-0.213;0.41549
0100;PEDIDOS DE ACESSO À INFORMAÇÃO;2380;DEPARTAMENTO ESTADUAL  DE TELECOMUNICACOES DE MINAS GERAIS;0.00;-0.239;0.40551
0100;PEDIDOS DE ACESSO À INFORMAÇÃO;2420;INSTITUTO DE DESENVOLVIMENTO DO NORTE E NORDESTE DE MINAS GERAIS;5.00;-0.232;0.40813
0100;PEDIDOS DE ACESSO À INFORMAÇÃO;2430;AGENCIA DE DESENVOLVIMENTO DA REGIAO METROPOLITANA DE BELO HORIZONTE;10.00;-0.226;0.41076
0100;PEDIDOS DE ACESSO À INFORMAÇÃO;2440;AGENCIA REGULADORA DE SERVICOS DE ABASTECIMENTO DE AGUA E DE ESGOTAMENTO SANITARIO DO ESTADO DE MINA;9.00;-0.227;0.41023
0100;PEDIDOS DE ACESSO À INFORMAÇÃO;2460;AGENCIA DE DESENVOLVIMENTO DA REGIAO METROPOLITANA DO VALE DO ACO;4.00;-0.234;0.40761
0100;PEDIDOS DE ACESSO À INFORMAÇÃO;3040;EMEMPRESA DE ASSISTENCIA TECNICA E EXTENSAO RURAL DO ESTADO DE MINAS GERAIS;21.00;-0.211;0.41655
0100;PEDIDOS DE ACESSO À INFORMAÇÃO;3050;EMPRESA DE PESQUISA AGROPECUARIA DE MINAS GERAIS;14.00;-0.220;0.41286
0100;PEDIDOS DE ACESSO À INFORMAÇÃO;3150;EMPRESA MINEIRA DE COMUNICACAO;15.00;-0.219;0.41339
0100;PEDIDOS DE ACESSO À INFORMAÇÃO;5070;COMPANHIA DE HABITACAO DO ESTADO DE MINAS GERAIS - COHAB;15.00;-0.219;0.41339
0100;PEDIDOS DE ACESSO À INFORMAÇÃO;5200;BANCO DE DESENVOLVIMENTO DO ESTADO DE MINAS GERAIS - BDMG;45.00;-0.178;0.42924
0602;ALERTAS DE ÓRGAOS EM TRILHAS DE AUDITORIA;1070;GABINETE MILITAR DO GOVERNADOR DO ESTADO DE MINAS GERAIS;166.00;-0.267;0.39492
0602;ALERTAS DE ÓRGAOS EM TRILHAS DE AUDITORIA;1080;ADVOCACIA-GERAL DO ESTADO;54.00;-0.352;0.36227
0602;ALERTAS DE ÓRGAOS EM TRILHAS DE AUDITORIA;1100;OUVIDORIA-GERAL DO ESTADO DE MINAS GERAIS;20.00;-0.378;0.35255
0602;ALERTAS DE ÓRGAOS EM TRILHAS DE AUDITORIA;1190;SECRETARIA DE ESTADO DE FAZENDA;242.00;-0.208;0.41752
0602;ALERTAS DE ÓRGAOS EM TRILHAS DE AUDITORIA;1220;SECRETARIA DE ESTADO DE DESENVOLVIMENTO ECONÔMICO, CIÊNCIA, TECNOLOGIA E ENSINO SUPERIOR;209.00;-0.234;0.40767
0602;ALERTAS DE ÓRGAOS EM TRILHAS DE AUDITORIA;1230;SECRETARIA DE ESTADO DE AGRICULTURA,  PECUARIA E ABASTECIMENTO;72.00;-0.339;0.36746
0602;ALERTAS DE ÓRGAOS EM TRILHAS DE AUDITORIA;1250;POLICIA MILITAR DO ESTADO DE MINAS GERAIS;8145.00;5.851;1.00000
0602;ALERTAS DE ÓRGAOS EM TRILHAS DE AUDITORIA;1260;SECRETARIA DE ESTADO DE EDUCACAO;774.00;0.200;0.57911
0602;ALERTAS DE ÓRGAOS EM TRILHAS DE AUDITORIA;1270;SECRETARIA DE ESTADO DE CULTURA E TURISMO;110.00;-0.309;0.37849
0602;ALERTAS DE ÓRGAOS EM TRILHAS DE AUDITORIA;1300;SECRETARIA DE ESTADO DE INFRAESTRUTURA E MOBILIDADE;16.00;-0.382;0.35141
0602;ALERTAS DE ÓRGAOS EM TRILHAS DE AUDITORIA;1320;SECRETARIA DE ESTADO DE SAUDE;3396.00;2.210;0.98644
0602;ALERTAS DE ÓRGAOS EM TRILHAS DE AUDITORIA;1370;SECRETARIA DE ESTADO DE MEIO AMBIENTE E DESENVOLVIMENTO SUSTENTAVEL;203.00;-0.238;0.40588
0602;ALERTAS DE ÓRGAOS EM TRILHAS DE AUDITORIA;1400;CORPO DE BOMBEIROS MILITAR DO ESTADO DE MINAS GERAIS;1079.00;0.433;0.66765
0602;ALERTAS DE ÓRGAOS EM TRILHAS DE AUDITORIA;1450;SECRETARIA DE ESTADO DE JUSTIÇA E SEGURANÇA PÚBLICA;719.00;0.157;0.56255
0602;ALERTAS DE ÓRGAOS EM TRILHAS DE AUDITORIA;1480;SECRETARIA DE ESTADO DE DESENVOLVIMENTO SOCIAL;93.00;-0.322;0.37354
0602;ALERTAS DE ÓRGAOS EM TRILHAS DE AUDITORIA;1490;SECRETARIA DE ESTADO DE GOVERNO;240.00;-0.210;0.41692
0602;ALERTAS DE ÓRGAOS EM TRILHAS DE AUDITORIA;1500;SECRETARIA DE ESTADO DE PLANEJAMENTO E GESTAO;1130.00;0.473;0.68173
0602;ALERTAS DE ÓRGAOS EM TRILHAS DE AUDITORIA;1510;POLICIA CIVIL DO ESTADO DE MINAS GERAIS;706.00;0.147;0.55862
0602;ALERTAS DE ÓRGAOS EM TRILHAS DE AUDITORIA;1520;CONTROLADORIA-GERAL DO ESTADO;5.00;-0.390;0.34828
0602;ALERTAS DE ÓRGAOS EM TRILHAS DE AUDITORIA;1540;ESCOLA DE SAUDE PUBLICA DO ESTADO DE MINAS GERAIS;59.00;-0.349;0.36371
0602;ALERTAS DE ÓRGAOS EM TRILHAS DE AUDITORIA;1630;SECRETARIA-GERAL;99.00;-0.318;0.37528
0602;ALERTAS DE ÓRGAOS EM TRILHAS DE AUDITORIA;1910;ENCARGOS GERAIS DO ESTADO- SECRETARIA DE ESTADO DA FAZENDA;0.00;-0.394;0.34687
0602;ALERTAS DE ÓRGAOS EM TRILHAS DE AUDITORIA;1940;EGE-SECRETARIA DE ESTADO DE PLANEJAMENTO E GESTAO;0.00;-0.394;0.34687
0602;ALERTAS DE ÓRGAOS EM TRILHAS DE AUDITORIA;2010;INSTITUTO DE PREVIDENCIA DOS SERVIDORES DO ESTADO DE MINAS GERAIS;1016.00;0.385;0.64994
0602;ALERTAS DE ÓRGAOS EM TRILHAS DE AUDITORIA;2040;LOTERIA DO ESTADO DE MINAS GERAIS;1.00;-0.393;0.34715
0602;ALERTAS DE ÓRGAOS EM TRILHAS DE AUDITORIA;2060;FUNDACAO JOAO PINHEIRO;79.00;-0.333;0.36948
0602;ALERTAS DE ÓRGAOS EM TRILHAS DE AUDITORIA;2070;FUNDACAO DE AMPARO A PESQUISA DO ESTADO DE MINAS GERAIS;64.00;-0.345;0.36515
0602;ALERTAS DE ÓRGAOS EM TRILHAS DE AUDITORIA;2090;FUNDACAO ESTADUAL DO MEIO AMBIENTE;3.00;-0.391;0.34772
0602;ALERTAS DE ÓRGAOS EM TRILHAS DE AUDITORIA;2100;INSTITUTO ESTADUAL DE FLORESTAS;154.00;-0.276;0.39138
0602;ALERTAS DE ÓRGAOS EM TRILHAS DE AUDITORIA;2120;INSTITUTO DE PREVIDENCIA DOS SERVIDORES MILITARES DO ESTADO DE MINAS GERAIS;91.00;-0.324;0.37296
0602;ALERTAS DE ÓRGAOS EM TRILHAS DE AUDITORIA;2150;FUNDACAO HELENA ANTIPOFF;94.00;-0.322;0.37383
0602;ALERTAS DE ÓRGAOS EM TRILHAS DE AUDITORIA;2160;FUNDACAO EDUCACIONAL CAIO MARTINS;31.00;-0.370;0.35568
0602;ALERTAS DE ÓRGAOS EM TRILHAS DE AUDITORIA;2170;FUNDACAO DE ARTE DE OURO PRETO;226.00;-0.221;0.41273
0602;ALERTAS DE ÓRGAOS EM TRILHAS DE AUDITORIA;2180;FUNDACAO CLOVIS SALGADO;46.00;-0.359;0.35998
0602;ALERTAS DE ÓRGAOS EM TRILHAS DE AUDITORIA;2200;INSTITUTO ESTADUAL DO PATRIMONIO HISTORICO E ARTISTICO DE MINAS GERAIS;84.00;-0.329;0.37093
0602;ALERTAS DE ÓRGAOS EM TRILHAS DE AUDITORIA;2210;FUNDACAO TV MINAS CULTURAL E EDUCATIVA;0.00;-0.394;0.34687
0602;ALERTAS DE ÓRGAOS EM TRILHAS DE AUDITORIA;2240;INSTITUTO MINEIRO DE GESTAO DAS AGUAS;4.00;-0.391;0.34800
0602;ALERTAS DE ÓRGAOS EM TRILHAS DE AUDITORIA;2250;JUNTA COMERCIAL DO ESTADO DE MINAS GERAIS;101.00;-0.316;0.37587
0602;ALERTAS DE ÓRGAOS EM TRILHAS DE AUDITORIA;2260;FUNDACAO EZEQUIEL DIAS;1053.00;0.414;0.66038
0602;ALERTAS DE ÓRGAOS EM TRILHAS DE AUDITORIA;2270;FUNDACAO HOSPITALAR DO ESTADO DE MINAS GERAIS;4733.00;3.235;0.99939
0602;ALERTAS DE ÓRGAOS EM TRILHAS DE AUDITORIA;2280;FUNDACAO DE EDUCACAO PARA O TRABALHO DE MINAS GERAIS;134.00;-0.291;0.38550
0602;ALERTAS DE ÓRGAOS EM TRILHAS DE AUDITORIA;2300;DEPARTAMENTO DE EDIFICACOES E ESTRADAS DE RODAGEM DO ESTADO;243.00;-0.207;0.41781
0602;ALERTAS DE ÓRGAOS EM TRILHAS DE AUDITORIA;2310;UNIVERSIDADE ESTADUAL DE MONTES CLAROS;523.00;0.007;0.50286
0602;ALERTAS DE ÓRGAOS EM TRILHAS DE AUDITORIA;2320;FUNDACAO CENTRO DE HEMATOLOGIA E HEMOTERAPIA DE MINAS GERAIS;733.00;0.168;0.56678
0602;ALERTAS DE ÓRGAOS EM TRILHAS DE AUDITORIA;2330;INSTITUTO DE METROLOGIA E QUALIDADE DO ESTADO DE MINAS GERAIS;74.00;-0.337;0.36804
0602;ALERTAS DE ÓRGAOS EM TRILHAS DE AUDITORIA;2350;UNIVERSIDADE DO ESTADO DE MINAS GERAIS;182.00;-0.254;0.39965
0602;ALERTAS DE ÓRGAOS EM TRILHAS DE AUDITORIA;2370;INSTITUTO MINEIRO DE AGROPECUARIA;308.00;-0.158;0.43736
0602;ALERTAS DE ÓRGAOS EM TRILHAS DE AUDITORIA;2380;DEPARTAMENTO ESTADUAL  DE TELECOMUNICACOES DE MINAS GERAIS;0.00;-0.394;0.34687
0602;ALERTAS DE ÓRGAOS EM TRILHAS DE AUDITORIA;2420;INSTITUTO DE DESENVOLVIMENTO DO NORTE E NORDESTE DE MINAS GERAIS;34.00;-0.368;0.35654
0602;ALERTAS DE ÓRGAOS EM TRILHAS DE AUDITORIA;2430;AGENCIA DE DESENVOLVIMENTO DA REGIAO METROPOLITANA DE BELO HORIZONTE;5.00;-0.390;0.34828
0602;ALERTAS DE ÓRGAOS EM TRILHAS DE AUDITORIA;2440;AGENCIA REGULADORA DE SERVICOS DE ABASTECIMENTO DE AGUA E DE ESGOTAMENTO SANITARIO DO ESTADO DE MINA;17.00;-0.381;0.35169
0602;ALERTAS DE ÓRGAOS EM TRILHAS DE AUDITORIA;2460;AGENCIA DE DESENVOLVIMENTO DA REGIAO METROPOLITANA DO VALE DO ACO;7.00;-0.388;0.34885
0602;ALERTAS DE ÓRGAOS EM TRILHAS DE AUDITORIA;3040;EMEMPRESA DE ASSISTENCIA TECNICA E EXTENSAO RURAL DO ESTADO DE MINAS GERAIS;259.00;-0.195;0.42261
0602;ALERTAS DE ÓRGAOS EM TRILHAS DE AUDITORIA;3050;EMPRESA DE PESQUISA AGROPECUARIA DE MINAS GERAIS;351.00;-0.125;0.45039
0602;ALERTAS DE ÓRGAOS EM TRILHAS DE AUDITORIA;3150;EMPRESA MINEIRA DE COMUNICACAO;63.00;-0.345;0.36486
0602;ALERTAS DE ÓRGAOS EM TRILHAS DE AUDITORIA;5070;COMPANHIA DE HABITACAO DO ESTADO DE MINAS GERAIS - COHAB;40.00;-0.363;0.35826
0602;ALERTAS DE ÓRGAOS EM TRILHAS DE AUDITORIA;5200;BANCO DE DESENVOLVIMENTO DE MINAS GERAIS S.A. - BDMG;34.00;-0.368;0.35654
0400;INCONFORMIDADES RESSALVAS EM AUDITORIA;1080;ADVOCACIA-GERAL DO ESTADO;3.00;-0.637;0.26210
0400;INCONFORMIDADES RESSALVAS EM AUDITORIA;2430;AGENCIA DE DESENVOLVIMENTO DA REGIAO METROPOLITANA DE BELO HORIZONTE;16.00;-0.013;0.49463
0400;INCONFORMIDADES RESSALVAS EM AUDITORIA;2460;AGENCIA DE DESENVOLVIMENTO DA REGIAO METROPOLITANA DO VALE DO ACO;36.00;0.946;0.82784
0400;INCONFORMIDADES RESSALVAS EM AUDITORIA;2440;AGENCIA REGULADORA DE SERVICOS DE ABASTECIMENTO DE AGUA E DE ESGOTAMENTO SANITARIO DO ESTADO DE MINA;9.00;-0.349;0.36349
0400;INCONFORMIDADES RESSALVAS EM AUDITORIA;5200;BANCO DE DESENVOLVIMENTO DO ESTADO DE MINAS GERAIS - BDMG;0.00;-0.781;0.21747
0400;INCONFORMIDADES RESSALVAS EM AUDITORIA;5070;COMPANHIA DE HABITACAO DO ESTADO DE MINAS GERAIS - COHAB;0.00;-0.781;0.21747
0400;INCONFORMIDADES RESSALVAS EM AUDITORIA;1520;CONTROLADORIA-GERAL DO ESTADO;4.00;-0.589;0.27796
0400;INCONFORMIDADES RESSALVAS EM AUDITORIA;1400;CORPO DE BOMBEIROS MILITAR DO ESTADO DE MINAS GERAIS;9.00;-0.349;0.36349
0400;INCONFORMIDADES RESSALVAS EM AUDITORIA;2300;DEPARTAMENTO DE EDIFICACOES E ESTRADAS DE RODAGEM DO ESTADO;17.00;0.034;0.51376
0400;INCONFORMIDADES RESSALVAS EM AUDITORIA;2380;DEPARTAMENTO ESTADUAL  DE TELECOMUNICACOES DE MINAS GERAIS;0.00;-0.781;0.21747
0400;INCONFORMIDADES RESSALVAS EM AUDITORIA;1940;EGE-SECRETARIA DE ESTADO DE PLANEJAMENTO E GESTAO;0.00;-0.781;0.21747
0400;INCONFORMIDADES RESSALVAS EM AUDITORIA;3040;EMEMPRESA DE ASSISTENCIA TECNICA E EXTENSAO RURAL DO ESTADO DE MINAS GERAIS;0.00;-0.781;0.21747
0400;INCONFORMIDADES RESSALVAS EM AUDITORIA;3050;EMPRESA DE PESQUISA AGROPECUARIA DE MINAS GERAIS;0.00;-0.781;0.21747
0400;INCONFORMIDADES RESSALVAS EM AUDITORIA;3150;EMPRESA MINEIRA DE COMUNICACAO;0.00;-0.781;0.21747
0400;INCONFORMIDADES RESSALVAS EM AUDITORIA;1910;ENCARGOS GERAIS DO ESTADO- SECRETARIA DE ESTADO DA FAZENDA;8.00;-0.397;0.34564
0400;INCONFORMIDADES RESSALVAS EM AUDITORIA;1540;ESCOLA DE SAUDE PUBLICA DO ESTADO DE MINAS GERAIS;22.00;0.274;0.60806
0400;INCONFORMIDADES RESSALVAS EM AUDITORIA;2320;FUNDACAO CENTRO DE HEMATOLOGIA E HEMOTERAPIA DE MINAS GERAIS;78.00;2.960;0.99846
0400;INCONFORMIDADES RESSALVAS EM AUDITORIA;2180;FUNDACAO CLOVIS SALGADO;12.00;-0.205;0.41868
0400;INCONFORMIDADES RESSALVAS EM AUDITORIA;2070;FUNDACAO DE AMPARO A PESQUISA DO ESTADO DE MINAS GERAIS;42.00;1.233;0.89128
0400;INCONFORMIDADES RESSALVAS EM AUDITORIA;2170;FUNDACAO DE ARTE DE OURO PRETO;9.00;-0.349;0.36349
0400;INCONFORMIDADES RESSALVAS EM AUDITORIA;2280;FUNDACAO DE EDUCACAO PARA O TRABALHO DE MINAS GERAIS;0.00;-0.781;0.21747
0400;INCONFORMIDADES RESSALVAS EM AUDITORIA;2160;FUNDACAO EDUCACIONAL CAIO MARTINS;2.00;-0.685;0.24672
0400;INCONFORMIDADES RESSALVAS EM AUDITORIA;2090;FUNDACAO ESTADUAL DO MEIO AMBIENTE;0.00;-0.781;0.21747
0400;INCONFORMIDADES RESSALVAS EM AUDITORIA;2260;FUNDACAO EZEQUIEL DIAS;0.00;-0.781;0.21747
0400;INCONFORMIDADES RESSALVAS EM AUDITORIA;2150;FUNDACAO HELENA ANTIPOFF;0.00;-0.781;0.21747
0400;INCONFORMIDADES RESSALVAS EM AUDITORIA;2270;FUNDACAO HOSPITALAR DO ESTADO DE MINAS GERAIS;5.00;-0.541;0.29426
0400;INCONFORMIDADES RESSALVAS EM AUDITORIA;2060;FUNDACAO JOAO PINHEIRO;19.00;0.130;0.55188
0400;INCONFORMIDADES RESSALVAS EM AUDITORIA;2210;FUNDACAO TV MINAS CULTURAL E EDUCATIVA;0.00;-0.781;0.21747
0400;INCONFORMIDADES RESSALVAS EM AUDITORIA;1070;GABINETE MILITAR DO GOVERNADOR DO ESTADO DE MINAS GERAIS;20.00;0.178;0.57078
0400;INCONFORMIDADES RESSALVAS EM AUDITORIA;2420;INSTITUTO DE DESENVOLVIMENTO DO NORTE E NORDESTE DE MINAS GERAIS;0.00;-0.781;0.21747
0400;INCONFORMIDADES RESSALVAS EM AUDITORIA;2330;INSTITUTO DE METROLOGIA E QUALIDADE DO ESTADO DE MINAS GERAIS;29.00;0.610;0.72906
0400;INCONFORMIDADES RESSALVAS EM AUDITORIA;2010;INSTITUTO DE PREVIDENCIA DOS SERVIDORES DO ESTADO DE MINAS GERAIS;8.00;-0.397;0.34564
0400;INCONFORMIDADES RESSALVAS EM AUDITORIA;2120;INSTITUTO DE PREVIDENCIA DOS SERVIDORES MILITARES DO ESTADO DE MINAS GERAIS;28.00;0.562;0.71294
0400;INCONFORMIDADES RESSALVAS EM AUDITORIA;2100;INSTITUTO ESTADUAL DE FLORESTAS;3.00;-0.637;0.26210
0400;INCONFORMIDADES RESSALVAS EM AUDITORIA;2200;INSTITUTO ESTADUAL DO PATRIMONIO HISTORICO E ARTISTICO DE MINAS GERAIS;13.00;-0.157;0.43749
0400;INCONFORMIDADES RESSALVAS EM AUDITORIA;2370;INSTITUTO MINEIRO DE AGROPECUARIA;0.00;-0.781;0.21747
0400;INCONFORMIDADES RESSALVAS EM AUDITORIA;2240;INSTITUTO MINEIRO DE GESTAO DAS AGUAS;0.00;-0.781;0.21747
0400;INCONFORMIDADES RESSALVAS EM AUDITORIA;2250;JUNTA COMERCIAL DO ESTADO DE MINAS GERAIS;0.00;-0.781;0.21747
0400;INCONFORMIDADES RESSALVAS EM AUDITORIA;2040;LOTERIA DO ESTADO DE MINAS GERAIS;6.00;-0.493;0.31100
0400;INCONFORMIDADES RESSALVAS EM AUDITORIA;1100;OUVIDORIA-GERAL DO ESTADO DE MINAS GERAIS;2.00;-0.685;0.24672
0400;INCONFORMIDADES RESSALVAS EM AUDITORIA;1510;POLICIA CIVIL DO ESTADO DE MINAS GERAIS;24.00;0.370;0.64438
0400;INCONFORMIDADES RESSALVAS EM AUDITORIA;1250;POLICIA MILITAR DO ESTADO DE MINAS GERAIS;41.00;1.185;0.88208
0400;INCONFORMIDADES RESSALVAS EM AUDITORIA;1230;SECRETARIA DE ESTADO DE AGRICULTURA,  PECUARIA E ABASTECIMENTO;36.00;0.946;0.82784
0400;INCONFORMIDADES RESSALVAS EM AUDITORIA;1270;SECRETARIA DE ESTADO DE CULTURA E TURISMO;48.00;1.521;0.93588
0400;INCONFORMIDADES RESSALVAS EM AUDITORIA;1220;SECRETARIA DE ESTADO DE DESENVOLVIMENTO ECONÔMICO, CIÊNCIA, TECNOLOGIA E ENSINO SUPERIOR;33.00;0.802;0.78866
0400;INCONFORMIDADES RESSALVAS EM AUDITORIA;1480;SECRETARIA DE ESTADO DE DESENVOLVIMENTO SOCIAL;59.00;2.049;0.97975
0400;INCONFORMIDADES RESSALVAS EM AUDITORIA;1260;SECRETARIA DE ESTADO DE EDUCACAO;103.00;4.159;0.99998
0400;INCONFORMIDADES RESSALVAS EM AUDITORIA;1190;SECRETARIA DE ESTADO DE FAZENDA;45.00;1.377;0.91578
0400;INCONFORMIDADES RESSALVAS EM AUDITORIA;1490;SECRETARIA DE ESTADO DE GOVERNO;19.00;0.130;0.55188
0400;INCONFORMIDADES RESSALVAS EM AUDITORIA;1300;SECRETARIA DE ESTADO DE INFRAESTRUTURA E MOBILIDADE;16.00;-0.013;0.49463
0400;INCONFORMIDADES RESSALVAS EM AUDITORIA;1450;SECRETARIA DE ESTADO DE JUSTIÇA E SEGURANÇA PÚBLICA;33.00;0.802;0.78866
0400;INCONFORMIDADES RESSALVAS EM AUDITORIA;1370;SECRETARIA DE ESTADO DE MEIO AMBIENTE E DESENVOLVIMENTO SUSTENTAVEL;39.00;1.090;0.86204
0400;INCONFORMIDADES RESSALVAS EM AUDITORIA;1500;SECRETARIA DE ESTADO DE PLANEJAMENTO E GESTAO;3.00;-0.637;0.26210
0400;INCONFORMIDADES RESSALVAS EM AUDITORIA;1320;SECRETARIA DE ESTADO DE SAUDE;3.00;-0.637;0.26210
0400;INCONFORMIDADES RESSALVAS EM AUDITORIA;1630;SECRETARIA-GERAL;7.00;-0.445;0.32814
0400;INCONFORMIDADES RESSALVAS EM AUDITORIA;2350;UNIVERSIDADE DO ESTADO DE MINAS GERAIS;7.00;-0.445;0.32814
0400;INCONFORMIDADES RESSALVAS EM AUDITORIA;2310;UNIVERSIDADE ESTADUAL DE MONTES CLAROS;12.00;-0.205;0.41868
0300;PUNIÇÕES APLICADAS A SERVIDORES;1260;SECRETARIA DE ESTADO DE EDUCACAO;93.00;7.397;1.00000
0300;PUNIÇÕES APLICADAS A SERVIDORES;1450;SECRETARIA DE ESTADO DE ADMINISTRACAO PRISIONAL                       SEAP;24.00;1.687;0.95424
0300;PUNIÇÕES APLICADAS A SERVIDORES;1190;SECRETARIA DE ESTADO DE FAZENDA;21.00;1.439;0.92496
0300;PUNIÇÕES APLICADAS A SERVIDORES;1320;SECRETARIA DE ESTADO DE SAUDE;18.00;1.191;0.88318
0300;PUNIÇÕES APLICADAS A SERVIDORES;1510;POLICIA CIVIL DO ESTADO DE MINAS GERAIS;15.00;0.943;0.82710
0300;PUNIÇÕES APLICADAS A SERVIDORES;1220;SECRETARIA DE ESTADO DE DESENVOLVIMENTO ECONÔMICO, CIÊNCIA, TECNOLOGIA E ENSINO SUPERIOR;8.00;0.364;0.64191
0300;PUNIÇÕES APLICADAS A SERVIDORES;1370;SECRETARIA DE ESTADO DE MEIO AMBIENTE E DESENVOLVIMENTO SUSTENTAVEL;6.00;0.198;0.57851
0300;PUNIÇÕES APLICADAS A SERVIDORES;2320;FUNDACAO CENTRO DE HEMATOLOGIA E HEMOTERAPIA DE MINAS GERAIS;5.00;0.115;0.54591
0300;PUNIÇÕES APLICADAS A SERVIDORES;2270;FUNDACAO HOSPITALAR DO ESTADO DE MINAS GERAIS;5.00;0.115;0.54591
0300;PUNIÇÕES APLICADAS A SERVIDORES;2300;DEPARTAMENTO DE EDIFICACOES E ESTRADAS DE RODAGEM DO ESTADO;5.00;0.115;0.54591
0300;PUNIÇÕES APLICADAS A SERVIDORES;1590;SECRETARIA DE ESTADO DE DESENVOLVIMENTO E INTEGRACAO DO NORTE E NORDESTE DE MINAS GERAIS;5.00;0.115;0.54591
0300;PUNIÇÕES APLICADAS A SERVIDORES;2420;INSTITUTO DE DESENVOLVIMENTO DO NORTE E NORDESTE DE MINAS GERAIS;4.00;0.033;0.51300
0300;PUNIÇÕES APLICADAS A SERVIDORES;2010;INSTITUTO DE PREVIDENCIA DOS SERVIDORES DO ESTADO DE MINAS GERAIS;4.00;0.033;0.51300
0300;PUNIÇÕES APLICADAS A SERVIDORES;2330;INSTITUTO DE METROLOGIA E QUALIDADE DO ESTADO DE MINAS GERAIS;3.00;-0.050;0.48000
0300;PUNIÇÕES APLICADAS A SERVIDORES;1480;SECRETARIA DE ESTADO DE DESENVOLVIMENTO SOCIAL;3.00;-0.050;0.48000
0300;PUNIÇÕES APLICADAS A SERVIDORES;2350;UNIVERSIDADE DO ESTADO DE MINAS GERAIS;3.00;-0.050;0.48000
0300;PUNIÇÕES APLICADAS A SERVIDORES;1230;SECRETARIA DE ESTADO DE AGRICULTURA,  PECUARIA E ABASTECIMENTO;2.00;-0.133;0.44714
0300;PUNIÇÕES APLICADAS A SERVIDORES;1690;SECRETARIA DE ESTADO DE SEGURANCA PUBLICA;2.00;-0.133;0.44714
0300;PUNIÇÕES APLICADAS A SERVIDORES;2370;INSTITUTO MINEIRO DE AGROPECUARIA;2.00;-0.133;0.44714
0300;PUNIÇÕES APLICADAS A SERVIDORES;2280;FUNDACAO DE EDUCACAO PARA O TRABALHO DE MINAS GERAIS;2.00;-0.133;0.44714
0300;PUNIÇÕES APLICADAS A SERVIDORES;2260;FUNDACAO EZEQUIEL DIAS;1.00;-0.216;0.41464
0300;PUNIÇÕES APLICADAS A SERVIDORES;2100;INSTITUTO ESTADUAL DE FLORESTAS;1.00;-0.216;0.41464
0300;PUNIÇÕES APLICADAS A SERVIDORES;1500;SECRETARIA DE ESTADO DE PLANEJAMENTO E GESTAO;1.00;-0.216;0.41464
0300;PUNIÇÕES APLICADAS A SERVIDORES;1490;SECRETARIA DE ESTADO DE GOVERNO;1.00;-0.216;0.41464
0300;PUNIÇÕES APLICADAS A SERVIDORES;2250;JUNTA COMERCIAL DO ESTADO DE MINAS GERAIS;1.00;-0.216;0.41464
0300;PUNIÇÕES APLICADAS A SERVIDORES;2310;UNIVERSIDADE ESTADUAL DE MONTES CLAROS;1.00;-0.216;0.41464
0300;PUNIÇÕES APLICADAS A SERVIDORES;1300;SECRETARIA DE ESTADO DE TRANSPORTES E OBRAS PUBLICAS;1.00;-0.216;0.41464
0300;PUNIÇÕES APLICADAS A SERVIDORES;2460;AGENCIA DE DESENVOLVIMENTO DA REGIAO METROPOLITANA DO VALE DO ACO;1.00;-0.216;0.41464
0300;PUNIÇÕES APLICADAS A SERVIDORES;1640;SECRETARIA DE ESTADO DE DESENVOLVIMENTO AGRARIO;0.00;-0.298;0.38271
0300;PUNIÇÕES APLICADAS A SERVIDORES;2150;FUNDACAO HELENA ANTIPOFF;0.00;-0.298;0.38271
0300;PUNIÇÕES APLICADAS A SERVIDORES;1070;GABINETE MILITAR DO GOVERNADOR DO ESTADO DE MINAS GERAIS;0.00;-0.298;0.38271
0300;PUNIÇÕES APLICADAS A SERVIDORES;2170;FUNDACAO DE ARTE DE OURO PRETO;0.00;-0.298;0.38271
0300;PUNIÇÕES APLICADAS A SERVIDORES;2180;FUNDACAO CLOVIS SALGADO;0.00;-0.298;0.38271
0300;PUNIÇÕES APLICADAS A SERVIDORES;2200;INSTITUTO ESTADUAL DO PATRIMONIO HISTORICO E ARTISTICO DE MINAS GERAIS;0.00;-0.298;0.38271
0300;PUNIÇÕES APLICADAS A SERVIDORES;2240;INSTITUTO MINEIRO DE GESTAO DAS AGUAS;0.00;-0.298;0.38271
0300;PUNIÇÕES APLICADAS A SERVIDORES;2430;AGENCIA DE DESENVOLVIMENTO DA REGIAO METROPOLITANA DE BELO HORIZONTE;0.00;-0.298;0.38271
0300;PUNIÇÕES APLICADAS A SERVIDORES;2440;AGENCIA REGULADORA DE SERVICOS DE ABASTECIMENTO DE AGUA E DE ESGOTAMENTO SANITARIO DO ESTADO DE MINA;0.00;-0.298;0.38271
0300;PUNIÇÕES APLICADAS A SERVIDORES;3040;EMEMPRESA DE ASSISTENCIA TECNICA E EXTENSAO RURAL DO ESTADO DE MINAS GERAIS;0.00;-0.298;0.38271
0300;PUNIÇÕES APLICADAS A SERVIDORES;3050;EMPRESA DE PESQUISA AGROPECUARIA DE MINAS GERAIS;0.00;-0.298;0.38271
0300;PUNIÇÕES APLICADAS A SERVIDORES;3150;EMPRESA MINEIRA DE COMUNICACAO;0.00;-0.298;0.38271
0300;PUNIÇÕES APLICADAS A SERVIDORES;5070;COMPANHIA DE HABITACAO DO ESTADO DE MINAS GERAIS - COHAB;0.00;-0.298;0.38271
0300;PUNIÇÕES APLICADAS A SERVIDORES;5200;BANCO DE DESENVOLVIMENTO DE MINAS GERAIS S.A. - BDMG;0.00;-0.298;0.38271
0300;PUNIÇÕES APLICADAS A SERVIDORES;2160;FUNDACAO EDUCACIONAL CAIO MARTINS;0.00;-0.298;0.38271
0300;PUNIÇÕES APLICADAS A SERVIDORES;1080;ADVOCACIA-GERAL DO ESTADO;0.00;-0.298;0.38271
0300;PUNIÇÕES APLICADAS A SERVIDORES;1100;OUVIDORIA-GERAL DO ESTADO DE MINAS GERAIS;0.00;-0.298;0.38271
0300;PUNIÇÕES APLICADAS A SERVIDORES;1250;POLICIA MILITAR DO ESTADO DE MINAS GERAIS;0.00;-0.298;0.38271
0300;PUNIÇÕES APLICADAS A SERVIDORES;1270;SECRETARIA DE ESTADO DE CULTURA;0.00;-0.298;0.38271
0300;PUNIÇÕES APLICADAS A SERVIDORES;1400;CORPO DE BOMBEIROS MILITAR DO ESTADO DE MINAS GERAIS;0.00;-0.298;0.38271
0300;PUNIÇÕES APLICADAS A SERVIDORES;1410;SECRETARIA DE ESTADO DE TURISMO;0.00;-0.298;0.38271
0300;PUNIÇÕES APLICADAS A SERVIDORES;1470;SECRETARIA DE ESTADO DE CIDADES E DE INTEGRACAO REGIONAL;0.00;-0.298;0.38271
0300;PUNIÇÕES APLICADAS A SERVIDORES;1520;CONTROLADORIA-GERAL DO ESTADO;0.00;-0.298;0.38271
0300;PUNIÇÕES APLICADAS A SERVIDORES;1540;ESCOLA DE SAUDE PUBLICA DO ESTADO DE MINAS GERAIS;0.00;-0.298;0.38271
0300;PUNIÇÕES APLICADAS A SERVIDORES;1570;SECRETARIA DE ESTADO DE CASA CIVIL E DE RELACOES INSTITUCIONAIS;0.00;-0.298;0.38271
0300;PUNIÇÕES APLICADAS A SERVIDORES;1630;SECRETARIA-GERAL;0.00;-0.298;0.38271
0300;PUNIÇÕES APLICADAS A SERVIDORES;1650;SECRETARIA DE ESTADO DE DIREITOS HUMANOS,PARTICIPACAO SOCIAL E CIDADANIA;0.00;-0.298;0.38271
0300;PUNIÇÕES APLICADAS A SERVIDORES;1670;SECRETARIA DE ESTADO DE ESPORTES;0.00;-0.298;0.38271
0300;PUNIÇÕES APLICADAS A SERVIDORES;1700;SECRETARIA DE ESTADO EXTRAORDINARIA DE DESENVOLVIMENTO INTEGRADO E FO RUNS REGIONAIS;0.00;-0.298;0.38271
0300;PUNIÇÕES APLICADAS A SERVIDORES;1910;ENCARGOS GERAIS DO ESTADO- SECRETARIA DE ESTADO DA FAZENDA;0.00;-0.298;0.38271
0300;PUNIÇÕES APLICADAS A SERVIDORES;1940;EGE-SECRETARIA DE ESTADO DE PLANEJAMENTO E GESTAO;0.00;-0.298;0.38271
0300;PUNIÇÕES APLICADAS A SERVIDORES;2040;LOTERIA DO ESTADO DE MINAS GERAIS;0.00;-0.298;0.38271
0300;PUNIÇÕES APLICADAS A SERVIDORES;2060;FUNDACAO JOAO PINHEIRO;0.00;-0.298;0.38271
0300;PUNIÇÕES APLICADAS A SERVIDORES;2070;FUNDACAO DE AMPARO A PESQUISA DO ESTADO DE MINAS GERAIS;0.00;-0.298;0.38271
0300;PUNIÇÕES APLICADAS A SERVIDORES;2090;FUNDACAO ESTADUAL DO MEIO AMBIENTE;0.00;-0.298;0.38271
0300;PUNIÇÕES APLICADAS A SERVIDORES;2120;INSTITUTO DE PREVIDENCIA DOS SERVIDORES MILITARES DO ESTADO DE MINAS GERAIS;0.00;-0.298;0.38271
0300;PUNIÇÕES APLICADAS A SERVIDORES;2210;FUNDACAO TV MINAS CULTURAL E EDUCATIVA;0.00;-0.298;0.38271
0300;PUNIÇÕES APLICADAS A SERVIDORES;2380;DEPARTAMENTO ESTADUAL  DE TELECOMUNICACOES DE MINAS GERAIS;0.00;-0.298;0.38271
0200;DENÚNCIAS;1450;SECRETARIA DE JUSTIÇA E SEGURANÇA PÚBLICA;200.00;5.516;1.00000
0200;DENÚNCIAS;1260;SECRETARIA DE ESTADO DE EDUCACAO;127.00;3.312;0.99954
0200;DENÚNCIAS;1320;SECRETARIA DE ESTADO DE SAUDE;75.00;1.742;0.95923
0200;DENÚNCIAS;2350;UNIVERSIDADE DO ESTADO DE MINAS GERAIS;72.00;1.651;0.95066
0200;DENÚNCIAS;2320;FUNDACAO CENTRO DE HEMATOLOGIA E HEMOTERAPIA DE MINAS GERAIS;50.00;0.987;0.83818
0200;DENÚNCIAS;1480;SECRETARIA DE ESTADO DE DESENVOLVIMENTO SOCIAL;40.00;0.685;0.75336
0200;DENÚNCIAS;2370;INSTITUTO MINEIRO DE AGROPECUARIA;38.00;0.625;0.73392
0200;DENÚNCIAS;2270;FUNDACAO HOSPITALAR DO ESTADO DE MINAS GERAIS;36.00;0.564;0.71373
0200;DENÚNCIAS;1370;SECRETARIA DE ESTADO DE MEIO AMBIENTE E DESENVOLVIMENTO SUSTENTAVEL;22.00;0.142;0.55631
0200;DENÚNCIAS;2310;UNIVERSIDADE ESTADUAL DE MONTES CLAROS;21.00;0.111;0.54437
0200;DENÚNCIAS;1500;SECRETARIA DE ESTADO DE PLANEJAMENTO E GESTAO;20.00;0.081;0.53238
0200;DENÚNCIAS;1220;SECRETARIA DE ESTADO DE DESENVOLVIMENTO ECONÔMICO;18.00;0.021;0.50832
0200;DENÚNCIAS;2300;DEPARTAMENTO DE EDIFICACOES E ESTRADAS DE RODAGEM DO ESTADO;17.00;-0.009;0.49628
0200;DENÚNCIAS;2010;INSTITUTO DE PREVIDENCIA DOS SERVIDORES DO ESTADO DE MINAS GERAIS;16.00;-0.040;0.48424
0200;DENÚNCIAS;2260;FUNDACAO EZEQUIEL DIAS;16.00;-0.040;0.48424
0200;DENÚNCIAS;1190;SECRETARIA DE ESTADO DE FAZENDA;15.00;-0.070;0.47221
0200;DENÚNCIAS;1490;SECRETARIA DE ESTADO DE GOVERNO;14.00;-0.100;0.46021
0200;DENÚNCIAS;2100;INSTITUTO ESTADUAL DE FLORESTAS;11.00;-0.190;0.42446
0200;DENÚNCIAS;2070;FUNDACAO DE AMPARO A PESQUISA DO ESTADO DE MINAS GERAIS;10.00;-0.221;0.41267
0200;DENÚNCIAS;1510;POLICIA CIVIL DO ESTADO DE MINAS GERAIS;9.00;-0.251;0.40096
0200;DENÚNCIAS;2210;FUNDACAO TV MINAS CULTURAL E EDUCATIVA;9.00;-0.251;0.40096
0200;DENÚNCIAS;1230;SECRETARIA DE ESTADO DE AGRICULTURA, PECUÁRIA E ABASTECIMENTO;8.00;-0.281;0.38933
0200;DENÚNCIAS;2250;JUNTA COMERCIAL DO ESTADO DE MINAS GERAIS;7.00;-0.311;0.37780
0200;DENÚNCIAS;1520;CONTROLADORIA-GERAL DO ESTADO;7.00;-0.311;0.37780
0200;DENÚNCIAS;2060;FUNDACAO JOAO PINHEIRO;7.00;-0.311;0.37780
0200;DENÚNCIAS;2090;FUNDACAO ESTADUAL DO MEIO AMBIENTE;7.00;-0.311;0.37780
0200;DENÚNCIAS;3050;EMPRESA DE PESQUISA AGROPECUARIA DE MINAS GERAIS;6.00;-0.341;0.36638
0200;DENÚNCIAS;2420;INSTITUTO DE DESENVOLVIMENTO DO NORTE E NORDESTE DE MINAS GERAIS;6.00;-0.341;0.36638
0200;DENÚNCIAS;1270;SECRETARIA DE ESTADO DE CULTURA E TURISMO;6.00;-0.341;0.36638
0200;DENÚNCIAS;1100;OUVIDORIA-GERAL DO ESTADO DE MINAS GERAIS;6.00;-0.341;0.36638
0200;DENÚNCIAS;2330;INSTITUTO DE METROLOGIA E QUALIDADE DO ESTADO DE MINAS GERAIS;5.00;-0.372;0.35508
0200;DENÚNCIAS;1250;POLICIA MILITAR DO ESTADO DE MINAS GERAIS;5.00;-0.372;0.35508
0200;DENÚNCIAS;2460;AGENCIA DE DESENVOLVIMENTO DA REGIAO METROPOLITANA DO VALE DO ACO;4.00;-0.402;0.34390
0200;DENÚNCIAS;2280;FUNDACAO DE EDUCACAO PARA O TRABALHO DE MINAS GERAIS;4.00;-0.402;0.34390
0200;DENÚNCIAS;1300;SECRETARIA DE ESTADO DE INFRAESTRUTURA E MOBILIDADE;4.00;-0.402;0.34390
0200;DENÚNCIAS;1540;ESCOLA DE SAUDE PUBLICA DO ESTADO DE MINAS GERAIS;4.00;-0.402;0.34390
0200;DENÚNCIAS;2160;FUNDACAO EDUCACIONAL CAIO MARTINS;3.00;-0.432;0.33286
0200;DENÚNCIAS;5070;COMPANHIA DE HABITACAO DO ESTADO DE MINAS GERAIS - COHAB;3.00;-0.432;0.33286
0200;DENÚNCIAS;2170;FUNDACAO DE ARTE DE OURO PRETO;3.00;-0.432;0.33286
0200;DENÚNCIAS;2040;LOTERIA DO ESTADO DE MINAS GERAIS;3.00;-0.432;0.33286
0200;DENÚNCIAS;1080;ADVOCACIA-GERAL DO ESTADO;3.00;-0.432;0.33286
0200;DENÚNCIAS;5200;BANCO DE DESENVOLVIMENTO DE MINAS GERAIS S.A. - BDMG;2.00;-0.462;0.32196
0200;DENÚNCIAS;2430;AGENCIA DE DESENVOLVIMENTO DA REGIAO METROPOLITANA DE BELO HORIZONTE;2.00;-0.462;0.32196
0200;DENÚNCIAS;2440;AGENCIA REGULADORA DE SERVICOS DE ABASTECIMENTO DE AGUA E DE ESGOTAMENTO SANITARIO DO ESTADO DE MINA;2.00;-0.462;0.32196
0200;DENÚNCIAS;2150;FUNDACAO HELENA ANTIPOFF;1.00;-0.492;0.31121
0200;DENÚNCIAS;2200;INSTITUTO ESTADUAL DO PATRIMONIO HISTORICO E ARTISTICO DE MINAS GERAIS;1.00;-0.492;0.31121
0200;DENÚNCIAS;3150;EMPRESA MINEIRA DE COMUNICACAO;1.00;-0.492;0.31121
0200;DENÚNCIAS;1630;SECRETARIA-GERAL;1.00;-0.492;0.31121
0200;DENÚNCIAS;2240;INSTITUTO MINEIRO DE GESTAO DAS AGUAS;1.00;-0.492;0.31121
0200;DENÚNCIAS;1070;GABINETE MILITAR DO GOVERNADOR DO ESTADO DE MINAS GERAIS;1.00;-0.492;0.31121
0200;DENÚNCIAS;3040;EMPRESA DE ASSISTENCIA TECNICA E EXTENSAO RURAL DO ESTADO DE MINAS GERAIS;1.00;-0.492;0.31121
0200;DENÚNCIAS;1400;CORPO DE BOMBEIROS MILITAR DO ESTADO DE MINAS GERAIS;1.00;-0.492;0.31121
0200;DENÚNCIAS;2120;INSTITUTO DE PREVIDENCIA DOS SERVIDORES MILITARES DO ESTADO DE MINAS GERAIS;1.00;-0.492;0.31121
0200;DENÚNCIAS;1940;EGE-SECRETARIA DE ESTADO DE PLANEJAMENTO E GESTAO;0.00;-0.523;0.30063
0200;DENÚNCIAS;1910;ENCARGOS GERAIS DO ESTADO- SECRETARIA DE ESTADO DA FAZENDA;0.00;-0.523;0.30063
0200;DENÚNCIAS;2180;FUNDACAO CLOVIS SALGADO;0.00;-0.523;0.30063
0200;DENÚNCIAS;2380;DEPARTAMENTO ESTADUAL  DE TELECOMUNICACOES DE MINAS GERAIS;0.00;-0.523;0.30063
0605;INDICADOR IMPLEMENTAÇÃO E OPERAÇÃO PLANO DE INTEGRIDADE;5070;COMPANHIA DE HABITACAO DO ESTADO DE MINAS GERAIS - COHAB;1.00;1.790;0.96326
0605;INDICADOR IMPLEMENTAÇÃO E OPERAÇÃO PLANO DE INTEGRIDADE;2380;DEPARTAMENTO ESTADUAL  DE TELECOMUNICACOES DE MINAS GERAIS;1.00;1.790;0.96326
0605;INDICADOR IMPLEMENTAÇÃO E OPERAÇÃO PLANO DE INTEGRIDADE;3040;EMEMPRESA DE ASSISTENCIA TECNICA E EXTENSAO RURAL DO ESTADO DE MINAS GERAIS;1.00;1.790;0.96326
0605;INDICADOR IMPLEMENTAÇÃO E OPERAÇÃO PLANO DE INTEGRIDADE;3050;EMPRESA DE PESQUISA AGROPECUARIA DE MINAS GERAIS;1.00;1.790;0.96326
0605;INDICADOR IMPLEMENTAÇÃO E OPERAÇÃO PLANO DE INTEGRIDADE;3150;EMPRESA MINEIRA DE COMUNICACAO;1.00;1.790;0.96326
0605;INDICADOR IMPLEMENTAÇÃO E OPERAÇÃO PLANO DE INTEGRIDADE;2180;FUNDACAO CLOVIS SALGADO;1.00;1.790;0.96326
0605;INDICADOR IMPLEMENTAÇÃO E OPERAÇÃO PLANO DE INTEGRIDADE;2090;FUNDACAO ESTADUAL DO MEIO AMBIENTE;0.75;0.826;0.79562
0605;INDICADOR IMPLEMENTAÇÃO E OPERAÇÃO PLANO DE INTEGRIDADE;2270;FUNDACAO HOSPITALAR DO ESTADO DE MINAS GERAIS;0.75;0.826;0.79562
0605;INDICADOR IMPLEMENTAÇÃO E OPERAÇÃO PLANO DE INTEGRIDADE;2060;FUNDACAO JOAO PINHEIRO;0.75;0.826;0.79562
0605;INDICADOR IMPLEMENTAÇÃO E OPERAÇÃO PLANO DE INTEGRIDADE;2100;INSTITUTO ESTADUAL DE FLORESTAS;0.75;0.826;0.79562
0605;INDICADOR IMPLEMENTAÇÃO E OPERAÇÃO PLANO DE INTEGRIDADE;2240;INSTITUTO MINEIRO DE GESTAO DAS AGUAS;0.75;0.826;0.79562
0605;INDICADOR IMPLEMENTAÇÃO E OPERAÇÃO PLANO DE INTEGRIDADE;1100;OUVIDORIA-GERAL DO ESTADO DE MINAS GERAIS;0.75;0.826;0.79562
0605;INDICADOR IMPLEMENTAÇÃO E OPERAÇÃO PLANO DE INTEGRIDADE;1480;SECRETARIA DE ESTADO DE DESENVOLVIMENTO SOCIAL;0.75;0.826;0.79562
0605;INDICADOR IMPLEMENTAÇÃO E OPERAÇÃO PLANO DE INTEGRIDADE;1450;SECRETARIA DE ESTADO DE JUSTIÇA E SEGURANÇA PÚBLICA;0.75;0.826;0.79562
0605;INDICADOR IMPLEMENTAÇÃO E OPERAÇÃO PLANO DE INTEGRIDADE;1370;SECRETARIA DE ESTADO DE MEIO AMBIENTE E DESENVOLVIMENTO SUSTENTAVEL;0.75;0.826;0.79562
0605;INDICADOR IMPLEMENTAÇÃO E OPERAÇÃO PLANO DE INTEGRIDADE;1630;SECRETARIA-GERAL;0.75;0.826;0.79562
0605;INDICADOR IMPLEMENTAÇÃO E OPERAÇÃO PLANO DE INTEGRIDADE;1080;ADVOCACIA-GERAL DO ESTADO;0.50;-0.138;0.44525
0605;INDICADOR IMPLEMENTAÇÃO E OPERAÇÃO PLANO DE INTEGRIDADE;2430;AGENCIA DE DESENVOLVIMENTO DA REGIAO METROPOLITANA DE BELO HORIZONTE;0.50;-0.138;0.44525
0605;INDICADOR IMPLEMENTAÇÃO E OPERAÇÃO PLANO DE INTEGRIDADE;2460;AGENCIA DE DESENVOLVIMENTO DA REGIAO METROPOLITANA DO VALE DO ACO;0.50;-0.138;0.44525
0605;INDICADOR IMPLEMENTAÇÃO E OPERAÇÃO PLANO DE INTEGRIDADE;2440;AGENCIA REGULADORA DE SERVICOS DE ABASTECIMENTO DE AGUA E DE ESGOTAMENTO SANITARIO DO ESTADO DE MINA;0.50;-0.138;0.44525
0605;INDICADOR IMPLEMENTAÇÃO E OPERAÇÃO PLANO DE INTEGRIDADE;1400;CORPO DE BOMBEIROS MILITAR DO ESTADO DE MINAS GERAIS;0.50;-0.138;0.44525
0605;INDICADOR IMPLEMENTAÇÃO E OPERAÇÃO PLANO DE INTEGRIDADE;2300;DEPARTAMENTO DE EDIFICACOES E ESTRADAS DE RODAGEM DO ESTADO;0.50;-0.138;0.44525
0605;INDICADOR IMPLEMENTAÇÃO E OPERAÇÃO PLANO DE INTEGRIDADE;1540;ESCOLA DE SAUDE PUBLICA DO ESTADO DE MINAS GERAIS;0.50;-0.138;0.44525
0605;INDICADOR IMPLEMENTAÇÃO E OPERAÇÃO PLANO DE INTEGRIDADE;2070;FUNDACAO DE AMPARO A PESQUISA DO ESTADO DE MINAS GERAIS;0.50;-0.138;0.44525
0605;INDICADOR IMPLEMENTAÇÃO E OPERAÇÃO PLANO DE INTEGRIDADE;2170;FUNDACAO DE ARTE DE OURO PRETO;0.50;-0.138;0.44525
0605;INDICADOR IMPLEMENTAÇÃO E OPERAÇÃO PLANO DE INTEGRIDADE;2280;FUNDACAO DE EDUCACAO PARA O TRABALHO DE MINAS GERAIS;0.50;-0.138;0.44525
0605;INDICADOR IMPLEMENTAÇÃO E OPERAÇÃO PLANO DE INTEGRIDADE;2160;FUNDACAO EDUCACIONAL CAIO MARTINS;0.50;-0.138;0.44525
0605;INDICADOR IMPLEMENTAÇÃO E OPERAÇÃO PLANO DE INTEGRIDADE;2150;FUNDACAO HELENA ANTIPOFF;0.50;-0.138;0.44525
0605;INDICADOR IMPLEMENTAÇÃO E OPERAÇÃO PLANO DE INTEGRIDADE;2210;FUNDACAO TV MINAS CULTURAL E EDUCATIVA;0.50;-0.138;0.44525
0605;INDICADOR IMPLEMENTAÇÃO E OPERAÇÃO PLANO DE INTEGRIDADE;1070;GABINETE MILITAR DO GOVERNADOR DO ESTADO DE MINAS GERAIS;0.50;-0.138;0.44525
0605;INDICADOR IMPLEMENTAÇÃO E OPERAÇÃO PLANO DE INTEGRIDADE;2420;INSTITUTO DE DESENVOLVIMENTO DO NORTE E NORDESTE DE MINAS GERAIS;0.50;-0.138;0.44525
0605;INDICADOR IMPLEMENTAÇÃO E OPERAÇÃO PLANO DE INTEGRIDADE;2330;INSTITUTO DE METROLOGIA E QUALIDADE DO ESTADO DE MINAS GERAIS;0.50;-0.138;0.44525
0605;INDICADOR IMPLEMENTAÇÃO E OPERAÇÃO PLANO DE INTEGRIDADE;2010;INSTITUTO DE PREVIDENCIA DOS SERVIDORES DO ESTADO DE MINAS GERAIS;0.50;-0.138;0.44525
0605;INDICADOR IMPLEMENTAÇÃO E OPERAÇÃO PLANO DE INTEGRIDADE;2120;INSTITUTO DE PREVIDENCIA DOS SERVIDORES MILITARES DO ESTADO DE MINAS GERAIS;0.50;-0.138;0.44525
0605;INDICADOR IMPLEMENTAÇÃO E OPERAÇÃO PLANO DE INTEGRIDADE;2200;INSTITUTO ESTADUAL DO PATRIMONIO HISTORICO E ARTISTICO DE MINAS GERAIS;0.50;-0.138;0.44525
0605;INDICADOR IMPLEMENTAÇÃO E OPERAÇÃO PLANO DE INTEGRIDADE;2370;INSTITUTO MINEIRO DE AGROPECUARIA;0.50;-0.138;0.44525
0605;INDICADOR IMPLEMENTAÇÃO E OPERAÇÃO PLANO DE INTEGRIDADE;2250;JUNTA COMERCIAL DO ESTADO DE MINAS GERAIS;0.50;-0.138;0.44525
0605;INDICADOR IMPLEMENTAÇÃO E OPERAÇÃO PLANO DE INTEGRIDADE;2040;LOTERIA DO ESTADO DE MINAS GERAIS;0.50;-0.138;0.44525
0605;INDICADOR IMPLEMENTAÇÃO E OPERAÇÃO PLANO DE INTEGRIDADE;1510;POLICIA CIVIL DO ESTADO DE MINAS GERAIS;0.50;-0.138;0.44525
0605;INDICADOR IMPLEMENTAÇÃO E OPERAÇÃO PLANO DE INTEGRIDADE;1250;POLICIA MILITAR DO ESTADO DE MINAS GERAIS;0.50;-0.138;0.44525
0605;INDICADOR IMPLEMENTAÇÃO E OPERAÇÃO PLANO DE INTEGRIDADE;1230;SECRETARIA DE ESTADO DE AGRICULTURA,  PECUARIA E ABASTECIMENTO;0.50;-0.138;0.44525
0605;INDICADOR IMPLEMENTAÇÃO E OPERAÇÃO PLANO DE INTEGRIDADE;1270;SECRETARIA DE ESTADO DE CULTURA E TURISMO;0.50;-0.138;0.44525
0605;INDICADOR IMPLEMENTAÇÃO E OPERAÇÃO PLANO DE INTEGRIDADE;1220;SECRETARIA DE ESTADO DE DESENVOLVIMENTO ECONÔMICO;0.50;-0.138;0.44525
0605;INDICADOR IMPLEMENTAÇÃO E OPERAÇÃO PLANO DE INTEGRIDADE;1490;SECRETARIA DE ESTADO DE GOVERNO;0.50;-0.138;0.44525
0605;INDICADOR IMPLEMENTAÇÃO E OPERAÇÃO PLANO DE INTEGRIDADE;1300;SECRETARIA DE ESTADO DE INFRAESTRUTURA E MOBILIDADE;0.50;-0.138;0.44525
0605;INDICADOR IMPLEMENTAÇÃO E OPERAÇÃO PLANO DE INTEGRIDADE;2350;UNIVERSIDADE DO ESTADO DE MINAS GERAIS;0.50;-0.138;0.44525
0605;INDICADOR IMPLEMENTAÇÃO E OPERAÇÃO PLANO DE INTEGRIDADE;2310;UNIVERSIDADE ESTADUAL DE MONTES CLAROS;0.50;-0.138;0.44525
0605;INDICADOR IMPLEMENTAÇÃO E OPERAÇÃO PLANO DE INTEGRIDADE;1940;EGE-SECRETARIA DE ESTADO DE PLANEJAMENTO E GESTAO;0.25;-1.101;0.13535
0605;INDICADOR IMPLEMENTAÇÃO E OPERAÇÃO PLANO DE INTEGRIDADE;1260;SECRETARIA DE ESTADO DE EDUCACAO;0.25;-1.101;0.13535
0605;INDICADOR IMPLEMENTAÇÃO E OPERAÇÃO PLANO DE INTEGRIDADE;1500;SECRETARIA DE ESTADO DE PLANEJAMENTO E GESTAO;0.25;-1.101;0.13535
0605;INDICADOR IMPLEMENTAÇÃO E OPERAÇÃO PLANO DE INTEGRIDADE;1320;SECRETARIA DE ESTADO DE SAUDE;0.25;-1.101;0.13535
0605;INDICADOR IMPLEMENTAÇÃO E OPERAÇÃO PLANO DE INTEGRIDADE;1520;CONTROLADORIA-GERAL DO ESTADO;0.00;-2.065;0.01945
0605;INDICADOR IMPLEMENTAÇÃO E OPERAÇÃO PLANO DE INTEGRIDADE;1910;ENCARGOS GERAIS DO ESTADO- SECRETARIA DE ESTADO DA FAZENDA;0.00;-2.065;0.01945
0605;INDICADOR IMPLEMENTAÇÃO E OPERAÇÃO PLANO DE INTEGRIDADE;2320;FUNDACAO CENTRO DE HEMATOLOGIA E HEMOTERAPIA DE MINAS GERAIS;0.00;-2.065;0.01945
0605;INDICADOR IMPLEMENTAÇÃO E OPERAÇÃO PLANO DE INTEGRIDADE;2260;FUNDACAO EZEQUIEL DIAS;0.00;-2.065;0.01945
0605;INDICADOR IMPLEMENTAÇÃO E OPERAÇÃO PLANO DE INTEGRIDADE;1190;SECRETARIA DE ESTADO DE FAZENDA;0.00;-2.065;0.01945
0606;RELEVANCIA PROJETO ESTRUTURADOR PREFERENCIAL;1;PROJETO ESTRUTURADOR;0.00;0.000;1.00000
0606;RELEVANCIA PROJETO ESTRUTURADOR PREFERENCIAL;0;PROJETO NAO ESTRUTURADOR;0.00;0.000;0.50000
